7C380900-1B96-4615-978E-89E02E2C89D0,DebugDriverDxe
A6885402-D022-4B0E-A509-4711B90F2A39,ReportStatusCodeRouterSmm
9C7CCB02-9154-4864-9E4B-DC0487E37660,DhcpDummyDxe
93B80003-9FB3-11D4-9A3A-0090273FC14D,IsaSerialDxe
93B80004-9FB3-11D4-9A3A-0090273FC14D,PciBusDxe
CA515306-00CE-4032-874E-11B755FF6866,DataHubStdErrDxe
64E6D006-E62A-481E-8F5A-3F76C9184741,AmdSmmCommunication
79CA4208-BBA1-4A9A-8456-E1E66A81484E,Legacy8259
6AD37609-A9F9-4587-9023-7820E10F5B7A,HiiLayoutPkgDxe
4DE67E0A-162C-4999-A5B8-BA0E5D43284C,CmosChecksum
42857F0A-13F2-4B21-8A23-53D3F714B840,CapsuleRuntimeDxe
0541150C-E33B-4DAF-A263-02E4BB4BF1CF,SecurityErrorHandlingDxe
45424D0C-E6AF-4AF2-AD99-FA77168742D1,SmartTimer
BDFE430E-8F2A-4DB0-9991-6F856594777E,EhciDxe
30AF4110-A58E-4EF7-8C75-B725939B3B9F,AmdCpmDisplayFeatureSmm
356C2B12-3124-4451-BF66-B502D88A0074,XhciDxe
CB933912-DF8F-4305-B1F9-7B44FA11395C,AcpiPlatform
C0791414-97A2-453D-81E6-DDD198C940C4,FchShangSmmInit
A3527D16-E6CC-42F5-BADB-BF3DE177742B,UsbCbiDxe
6CB2CA17-D14C-4B22-8829-553DBBA30AB9,AmdMemFf3Dxe
94734718-0BBC-47FB-96A5-EE7A5AE6A2AD,Dhcp4Dxe
27BEDA18-AE2B-43C2-AF6B-74952441DE28,MonitorKeyDxe
79E4A61C-ED73-4312-94FE-E3E7563362A9,PrintDxe
6169AB1C-B05F-4D9C-AFEA-192911E41CE2,AmdPspSmmV2
ADCCC31C-5B8B-4104-A386-A5C07295D04E,EmmcDxe
D245931E-CC93-4B06-AE37-144A3A62A3F7,AmdPspDxeV2Ff3
7403901F-0EBA-46CC-95E8-4D0D7837D455,F7AServiceBodyDxe
930EB91F-5136-4D30-976D-F217F3B1E86D,FchSmmDispatcher
4FB2CE1F-1A3A-42E3-BD0C-7B84F954189A,AcpiCallbacksSmm
FC5C7020-1A48-4198-9BE2-EAD5ABC8CF2F,BdsDxe
6DA62821-54AF-4836-8EF0-8905EF9BD733,AmdCpmModernStandbyFeatureDxe
2B872B22-6C11-4DFD-994A-96BC13920A43,fTPMTcg2Smm
38A0EC22-FBE7-4911-8BC1-176E0D6C1DBD,IsaAcpiDxe
52A9B223-FAB8-4A24-AEA6-461A59BD3F33,AmdSmbiosDxe
6B1AB225-2E47-4A61-8FF5-B8EA42EE3EA8,SecureFlashDxe
CCCB0C28-4B24-11D5-9A5A-0090273FC14D,GraphicsConsoleDxe
522A3829-A25A-4B94-AC0B-99DD37099F76,SdDxe
F7119829-314A-4E7F-8853-44AA79A7CB43,PspFactoryReset
2713F129-EFD9-4675-9CCB-50B114564DBB,SdMmcPciHcDxe
D11C8E2A-3CD1-443C-AC09-63526DE7E170,SmmSupervisorBinRelease
94EDD12A-419B-447F-9434-9B3B70783903,DxePlatform
B0C2372B-9393-4CBC-9CAF-53913C9DCE29,FlashDeviceFvbRuntimeDxe
15EE732B-DFD9-47F4-AB0E-02358F9172C2,AmdLegacyInterrupt
AD92822B-30C8-49B1-8AF3-63CCDF19B07F,DxeSmmIoLibSmm
9622E42C-8E38-4A08-9E8F-54F784652F6B,AcpiSupportDxe
29D40F30-E8BF-4803-88A6-4247A29A5318,AmdVersionDxe
ABFE2830-855B-4A98-94D6-EEB23D1EBF45,AmdIdsDebugPrintDxe
B7024E30-7DE3-4377-9F14-07A3EB808E3D,MAXPDflash
C2702335-BB6F-4DD2-A692-7C5D20E6E348,AmdSmmControl
7F623335-03E5-4C0F-B127-8B16042C09B5,Cf9Reset
33FB3535-F15E-4C17-B303-5EB94595ECB6,SmmLockBox
B981A835-6EE8-4F4C-AE0B-210AA0BFBF01,RngDxe
CC1BAA36-11EB-45CC-9ADC-7565E273AC70,PnpSmm
BC05DC37-9DA0-4050-9728-F34DDB01E200,BiosRegionLockEntry
BC05DC37-9DA0-4050-9728-F34DDB01E301,SpiLockSmi
895D893A-6AE8-4140-81CB-BF2D79E5AC02,AmdNbioPcieDxe
E622443C-284E-4B47-A984-FD66B482DAC0,BootManagerPolicyDxe
FDFF263D-5F68-4591-87BA-B768F445A9AF,Tcg2Dxe
2D6BB83D-84A2-404A-B4CA-3E7AC0EFB3D2,BootOptionPolicyDxe
4759E93E-8F44-448F-88A1-BD97FC47BEA5,AmdPspP2CmboxV2
3D2F8940-A850-4543-B294-9B0BD0E750C7,HstiDxe
40BEAB40-CECE-4909-B133-20A413AE19E9,CpuMpDxe
2D59F041-53A4-40D0-A6CD-844DC0DFEF17,SmmS3SaveState
F9D88642-0737-49BC-81B5-6889CD57D9EA,SmbiosDxe
42FCB444-B881-49D8-A6E9-5A1695FC9F3E,SysPassword
3CA6DB44-8614-4DCA-8B95-A35EFD51779D,JupiterVariableInitDxe
30AF1245-A58E-4EF7-8C75-B725939B3B9F,AmdCpmInitSmm
38D51B46-D275-475C-A951-80A7E1CF38B1,AmdCpmSensorFusionDxe
28374747-76FF-41B3-9740-381EFAEF13BC,PspPlatform
6903A447-CB4F-45F6-89A2-7E7E2F9EE14C,InstallMsdm
B597FB4A-3527-4982-A4E4-8E212C3CCA9C,AcpiSdevAcpiTable
71032D4B-4B91-4EC1-AD53-81827FB43108,AmdCpmGpioInitDxe
54258D4C-5342-4A18-B318-036777001F7C,AmdFabricFf3Dxe
2345FB4D-0B26-4A14-AA2E-F7B955154495,StibpFeatureDxe
760F874E-B8CB-405E-AA32-A46AE2F3D680,VariableDefaultUpdate
53BCC14F-C24F-434C-B294-8ED2D4CC1860,DataHubDxe
78D19E50-2B62-407F-9F49-C652A4124002,VariableRegionInfoDxe
54AFED50-5999-4594-9B79-F0AAA09FA32C,DashIoCfgDxe
B1BAC051-D5C2-4AC1-AC7D-9D2F518A1E7B,AmdApcbSmmV3
5E566252-4F6C-071A-485D-C0B6CD6D05EF,AmdPspP2CmboxV2SmmBuffer
02636A53-7F99-45AB-A891-E97EF35D3AD9,FchSmbusDxe
44A20657-10B8-4049-A148-ACD8812AF257,Tcg2Smm
53AD0657-8A74-4358-9F32-04AB4B5A0B92,SecureFlashEspFlagSmm
80CF7257-87AB-47F9-A3FE-D50B76D89541,PcdSmmDxe
D27FED59-ABB4-4FED-BEAD-2A878C7E4A7E,SmbiosMeasurementDxe
84D4AD5B-1702-442E-BDD8-57E1196111E5,SmmAccessDxe2
9C452F5C-6200-4AA6-8068-F44B4F36D41E,H2OKeyDescDxe
F122A15C-C10B-4D54-8F48-60F4F06DD1AD,LegacyBiosDxe
ED63405E-DA58-44CA-A798-7C9D65BD628B,ANX7580OCMflash
B795675E-7583-4F98-AC6A-F9DDBBCC32E8,SystemFirmwareManagementRuntimeDxe
96BDEA61-C364-4513-B6B3-037E9AD54CE4,SetSsidSvidDxe
348C4D62-BFBD-4882-9ECE-C80BB1C4783B,HiiDatabase
1353DE63-B74A-4BEF-80FD-2C5CFA83040B,GifDecoderDxe
378D7B65-8DA9-4773-B6E4-A47826A833E1,PcRtc
AFD69E65-1CB3-472C-BE63-0C98A2C0665C,RAIDXpert2_F50_0x00
70D57D67-7F05-494D-A014-B75D7345B700,StorageSecurityCommandDxe
5E05B469-F355-406A-8DE4-D4CC0CA7FB2F,FchSGSataD3ColdSmm
2818256A-6BDB-4871-993C-95315854012E,EdidOverrideDxe
CD1C556B-62BF-4EEC-8E73-7731F8E847B2,AmdCpmGpioInitSmm
8C8A2E6C-A56C-4A6C-8C9B-B4B6BB4208AE,NvmeRaidDxe
3ACC966D-8E33-45C6-B4FE-62724BCD15A9,AhciBusDxe
2707E46D-DBD7-41C2-9C04-C9FDB8BAD86C,JpegDecoderDxe
8624F36D-6DE0-44C3-8322-74AD419D3A90,AmdErrorLogDxe
87C2106E-8790-459D-BD44-2EF32A68C3F9,IhisiServicesSmm
69F04F6E-BCCF-45F8-894E-2C68088F94FF,I2cKbDxe
531AED6E-3DEE-45EB-8DF1-B70ADB1F885D,TrueTypeDecoderDxe
D303BB6F-7434-41FD-BC8E-0984A03C9B7D,AmdCpmAcpPowerGatingDxe
AD608272-D07F-4964-801E-7BD3B7888652,MonotonicCounterRuntimeDxe
C8339973-A563-4561-B858-D8476F9DEFC4,Metronome
A622AB73-1E7F-43C8-A465-0D5B267F1A37,MicrowindowsDxe
A210F973-229D-4F4D-AA37-9895E6C9EABA,DpcDxe
A2760074-ED4C-4719-8382-C942CBF16D85,DisplayTypeDxe
B8E62775-BB0A-43F0-A843-5BE8B14F8CCD,BootGraphicsResourceTableDxe
3DC82376-637B-40A6-A8FC-A565417F2C38,Ps2KeyboardDxe
400B4476-3081-11D6-87ED-00062945C3B9,LegacySpeakerDxe
C613EC78-63ED-4B93-ACD4-54B3D4CCC268,NetworkLockerDxe
729B3079-8913-4E12-AFEF-2CA264799469,AmdAcpiDxe
13863F79-D94B-4205-BB0F-E4E06AAA5A4E,DelayUefiRaidOprom
FF189B79-F558-4B6A-8A78-6FCD2B4B0E3C,FrontPageDxe
6069277B-246B-45D5-BD6D-81820E10C11F,CommonSmiCallBackSmm
F56E697B-3EF8-471D-3EF8-6B6636A6F2F8,InstallWsmtDxe
4AC99A7C-1DCF-4A51-8F06-5EEDFE8A8864,CryptoServiceRuntimeDxe
EBF8ED7C-0DD1-4787-84F1-F48D537DCACF,DriverHealthManagerDxe
06B5947E-FF53-457D-98BC-C5ABC777FD5A,SetupMouseDxe
B147CD7E-17D3-4D66-AB39-472B1DA659C1,UefiTableDxe
D6A2CB7F-6A18-4E2F-B43B-9920A733700A,DxeCore
F099D67F-71AE-4C36-B2A3-DCEB0EB2B7D8,WatchdogTimer
C62CEB80-FB40-4A46-A5E5-C1D997C36DFC,CapsuleLoaderTriggerDxe
EB37F380-A474-441C-B6A7-2247A7C74E81,ProgramSpi
3D64F384-CA32-42C6-A629-42A494B2CB4A,TpmCapsuleDxe
2BDED685-F733-455F-A840-43A22B791FB3,AcpiS3SaveDxe
1A1E4886-9517-440E-9FDE-3BE44CEE2136,CpuDxe
D359DE86-0A1B-47BC-95D2-1D1F8FFF0AD8,ChipsetSvcSmm
ADCCA887-5330-414A-81A1-5B578146A397,TgaDecoderDxe
2D7FCD87-4554-4564-B811-0F9167F782B3,OemAcpiPlatform
E8571188-00C1-4ED4-B14E-E38451351EC4,HddPassword
C1D5258B-F61A-4C02-9293-A005BEB3EAA1,PngDecoderDxe
FA20568B-548B-4B2B-81EF-1BA08D4A3CEC,BootScriptExecutorDxe
8FD29F8B-8E6A-4BA1-B68C-0E3DA4A3BA9F,SmuV13Dxe
3114F98C-5A36-44B4-8EB9-0AB945CE52D9,CbsSetupDxeFF3
00160F8D-2B35-4DF2-BBE0-B272A8D631F0,FirmwarePerformanceDxe
260EC28D-1074-4055-92A3-EDA91F6B3171,CardReaderDxe
B9B0F38D-1F27-4F46-9F44-42D694729882,AmdCpmOemSmm
F0F1588E-9028-4EB8-8031-F233B48EA0B7,PxeDummyDxe
2383608E-C6D0-4E3E-858D-45DFAC3543D5,PciHostBridge
043DF38F-32E1-4893-911F-37A7FE91F723,CapsuleProcessorDxe
68B09391-751F-46FF-A4D6-71B8502F52AB,KeyboardLayoutDxe
529D3F93-E8E9-4E73-B1E1-BDF6A9D50113,ArpDxe
C7EA9F94-1547-44F0-863F-563EAE79E1C0,TianoCompressSmm
EA30CF96-90B4-452C-A6BF-EABCA43885A5,Ax88772
03068297-DDA5-4CCD-BBFA-7E09AE025177,I2cTouchPanelDxe
81E68098-6F95-4CE8-AA8F-A7FFC89E0B9D,AmdGopConfigDrvDxe
46A4A698-1BBD-4366-84EF-5C6101060A1C,AmdNbioBaseFf3Dxe
E503CA98-B63E-4592-9BCD-5A4452355134,SmmResourceCheckDxe
99F03B99-98D8-49DD-A8D3-3219D0FFE41E,Mtftp6Dxe
47F48C99-CB23-4CF8-9D7D-CE7C86EF22A3,UsbTouchPanelDxe
51CCF399-4FDF-4E55-A45B-E123F84D456A,ConPlatformDxe
EEC9BC9A-2907-4D59-8B86-D1EC67DE62E1,GenericMemoryTestDxe
1967DD9B-B72C-4328-8C80-D4ACFC83FDF8,PciHotPlugDxe
2892389C-FBE9-43D7-B9FC-6C5D90D18456,TisDxe
95E3669D-34BE-4775-A651-7EA41B69D89E,Dhcp6Dxe
ECA2AE9E-7594-4901-871C-449DA1A11660,I2cDxe
1FA1F39E-FEFF-4AAE-BD7B-38A070A3B609,PartitionDxe
4D3708A0-6D9B-47D3-AD87-E80C781BC0A7,AmdApcbDxeV3
AA7761A1-96F6-48D9-ABEB-4AAA5C7FBDB9,BootOptionPathSvc
3935B0A1-A182-4887-BC56-675528E78877,SetupUtilityApp
0325B5A1-0937-4A4F-B8AF-EC3F80EE6B35,SataControllerLite
A8F634A5-28F1-4456-A9D5-7E24B99BDB65,PcxDecoderDxe
A9F634A5-29F1-4456-A9D5-6E24B88BDB65,BmpDecoderDxe
9FB4B4A7-42C0-4BCD-8540-9BCC6711F83E,UsbMassStorageDxe
8FAAD0A7-02B4-432F-8F5C-B880965D8B41,SmmCommunicationBufferDxe
E21F35A8-42FF-4050-82D6-93F7CDFA7073,PiSmmCommunicationSmm
023B3AA9-098F-4027-B83F-B6407DA06569,AmdPspFtpmDxe
FF626DA9-17EE-4949-A8B8-B10FA0044E9F,EsrtFmpDxe
BDFE5FAA-2A35-44BB-B17A-8084D4E2B9E9,FvbServicesRuntimeDxe
2D2E62AA-9ECF-43B7-8219-94E7FC713DFE,UsbMouseDxe
162793AA-0FE7-4010-9818-45F55C5CCC3E,AmdCpmInitDxe
5466B9AA-EE2F-4FDB-84A3-A330BE1301FF,AmdHstiV2
044310AB-77FD-402A-AF1A-87D4120E7329,FirmwarePerformanceSmm
6D6963AB-906D-4A65-A7CA-BD40E5D6AF2B,Udp4Dxe
66B6DCAB-063D-41B5-B5F3-87748EE9F19A,OemSmtBiosSupport
02AB16AD-2FCE-413A-B253-9587C30BDB28,AmdFabricFf3Smm
31FD7EAF-80A7-435E-8E0A-3F185F8667DD,UsbCoreDxe
11BFBEB0-FE77-4362-84FB-4F961E7BB2ED,H2OFormDialogDxe
CFD5D6B3-3C21-4F15-B0E8-088F0128890D,OemInt15CallbackSmm
B4FB56B4-1FCB-4387-AB04-9C50FD84F49E,AmdNbioAlibVNDxe
9D1680B4-AE9F-46A6-8B5D-C65AE20A096A,BctBaseSmmFF3
9E5DAEB4-4B91-4466-9EBE-81C7E4401E6D,H2OFormBrowserDxe
6B38F7B4-AD98-40E9-9093-ACA2B5A253C4,DiskIoDxe
240612B5-A063-11D4-9A3A-0090273FC14D,IsaBusDxe
B5F33FB5-66D5-4901-BAF1-F0C774FC6588,VgaDriverPolicyDxe
7B7B65B6-E350-4139-8FE4-665772D32A47,IhisiSmm
CD3BAFB6-50FB-4FE8-8E4E-AB74D2C1A600,EnglishDxe
059BF2B6-AFA3-429F-8F36-15905E7F2283,FchShangDxe
240612B7-A063-11D4-9A3A-0090273FC14D,UsbBusDxe
440C38B7-ED16-49EA-9669-317EF906635D,I2cMasterDxe
DC3641B8-2FA8-4ED3-BC1F-F9962A03454B,Mtftp4Dxe
B6B643B8-2B41-4A61-A224-D4F476EF580C,AmdCpmOemInitDxe
B40612B9-A063-11D4-9A3A-0090273FC14D,UsbBotDxe
BBB77CB9-762D-436C-AC40-8EE4901C3446,AmdPbsSetupDxe
A94B6FBA-BB07-4A98-8749-A860D6EB7724,LegacyBiosPlatformHookDxe
BDCE85BB-FBAA-4F4E-9264-501A2C249581,S3SaveStateDxe
D912C7BC-F098-4367-92BA-E911083C7B0E,Udp6Dxe
7B3F16BE-79CD-4A78-A27E-B329B1DF500D,H2ODisplayEngineLocalMetroDxe
9B0FF2C0-E245-11E1-8EFF-D0DF9A35C106,ChipsetSvcDxe
A8913EC1-C00C-4C3A-A245-077C0CA35738,AspmOverrideDxe
B601F8C4-43B7-4784-95B1-F4226CB40CEE,RuntimeDxe
064808C5-2CB6-4080-9617-D99B85D8D0CA,FchShangSsdt
15B985C5-7103-4F35-B59D-2235FC5F3FFE,UsbTypeCDxe
4C862FC6-0E54-4E36-8C8F-FF6F3167951F,FaultTolerantWriteLiteDxe
7A8755C6-30E7-4F88-B07C-F9A694D5A33C,FchSmmDiagDispatcher
025BBFC7-E6A9-4B8B-82AD-6815A1AEAF4A,MnpDxe
4B28E4C7-FF36-4E10-93CF-A82159E777C5,ResetSystemRuntimeDxe
220E57C8-4E71-493F-91B8-0F7F820A1DA2,I2cMouseDxe
83EC3FC9-CB74-4B2B-89B9-E98F0972F2A8,RotateScreen
1361DEC9-A270-4013-9701-A540F56C58C9,MctpSmbusDxe
8376BDCA-5E03-4735-951A-4A74141E5886,TrEEConfigDxe
EC2BEECA-E84A-445B-869B-F7A73C96F58A,LegacyRegion2Dxe
5BEDB5CC-D830-4EB2-8742-2D4CC9B54F2C,Ip6Dxe
EA7BF2CC-F154-4CC4-A725-6382C701FBFE,AmdMemSmbiosV2Dxe
E94F54CD-81EB-47ED-AEC3-856F5DC157A9,PiSmmCore
9B680FCE-AD6B-4F3A-B60B-F59899003443,DevicePathDxe
0166F3CE-756C-44A1-B1C7-6362053003AB,AmdNbioGfxFF3Dxe
B0A034CF-41CE-4104-8ED3-4F97E8ADB981,SioDummyDxe
2D2E62CF-9ECF-43B7-8219-94E7FC713DFE,UsbKbDxe
A5CFE2CF-2216-4B40-80A8-9FB40124A0CE,AmdNbioIOMMUDxe
13AC6DD0-73D0-11D4-B06B-00AA00BD6DE7,EbcDxe
692A5AD5-2DE1-4C24-9987-2A430B69CAEE,AmdCcxVhFf3Dxe
CBD2E4D5-7068-4FF5-B462-9822B4AD8D60,VariableRuntimeDxe
B7B82AD8-3349-4968-A940-7B8C265FF9B4,RtkUndiDxe
B7B82AD8-3349-4968-A940-7B8C265FF9B9,b57undix64
79CD78D8-6EDC-4978-BD02-3299C387AB17,StatusCodeHandlerSmm
A47EE2D8-F60E-42FD-8E58-7BD65EE4C29B,CpuIo2Smm
D93CE3D8-A7EB-4730-8C8E-CC466A9ECC3C,ReportStatusCodeRouterRuntimeDxe
B95E9FDA-26DE-48D2-8807-1F9107AC5E3A,UefiPxeBcDxe
2FA2A6DA-11D5-4DC3-999A-749648B03C56,PiSmmIpl
A6CA8BDC-AE14-4C13-9364-2F0E09CE0F54,AmdCpmEcInitDxe
3DA97FDE-2261-4CFB-A171-74CD5A9AE279,SaveSpdToRomDxe
5F53F1DE-E647-425D-8B59-2DDEE19E8C76,SecureBootMgrDxe
ED92EAE0-C31C-4824-8802-35595EFA8287,WpbtDxe
CC1B1FE1-4FCC-41ED-A9E3-59BB23ABA824,CbsBaseDxeFF3
B281AAE1-0F02-451C-AE98-76C61E7B1FC8,AmdSocFf3VnDxe
F11757E2-1D21-47BB-9E07-04C60DA00ECA,UnexpectedIrqWA
C6D357E3-26E2-4F3B-A088-EACD131D2A64,L05RtkUsbUndiDxe
AD416CE3-A483-45B1-94C2-4B4E4D575562,TcgMor
EDB396E3-2DDC-4396-BCA5-1202D3005AEA,Tcg2PhysicalPresenceDxe
C7D4F4E3-DAEA-40B0-8846-F4CAF3135CE8,BiosProtectDxe
4C624FE6-80BA-4F83-9591-DFA7F6A24F6F,KVMSmbiosDxe
FC510EE7-FFDC-11D4-BD41-0080C73C8881,DXE apriori file
A19B1FE7-C1BC-49F8-875F-54A5D542443F,CpuIo2Dxe
C10194E7-DEB2-4AF4-9EEE-BFFDE4D7D4C7,TimestampDxe
C5FA0EE8-2D81-4202-A021-3DA700B3DEAE,AmdCpmPcieInitDxe
F80697E9-7FD6-4665-8646-88E33EF71DFC,SecurityStubDxe
57E9EEE9-EB7D-4453-BBF7-6C138BF06458,AmdCpmDisplayFeatureDxe
A2F436EA-A127-4EF8-957C-8048606FF670,SnpDxe
12AEDBEA-392D-4E2A-8789-5F6DC6B23661,OemBadgingSupportDxe
B7358BEB-6A52-4D50-98F9-7EDD70B4B320,CommonPciPlatformDxe
408EDCEC-CF6D-477C-A5A8-B4844E3DE281,ConSplitterDxe
1430DCED-F1C4-4D81-836D-5BDE5A9C5DA4,Ax88179
4D2E57EE-0E3F-44DD-93C4-D3B57E96945D,CpuS3DataDxe
31328CEF-6526-4A7C-95D4-562875D49F72,ApobFf3Dxe
D0F97BF0-A403-435C-AEC5-B7D46C364AE4,AmdCcxVhFf3Smm
9FB1A1F3-3B71-4324-B39A-745CBB015FFF,Ip4Dxe
E4D932F4-31C9-4075-8FA3-4030F7EB767A,SmmPlatform
5BE3BDF4-53CF-46A3-A6A9-73C34A6E5EE3,NvmExpressDxe
F84CFFF4-511E-41C8-B829-519F5152F444,LegacyBiosPlatformDxe
97A20DF5-6F57-4C76-9095-0F6439F8A81C,fTPMTisDxe
A3FF0EF5-0C28-42F5-B544-8C7DE1E80014,PiSmmCpuDxeSmm
167CC1F7-F4AB-46CC-8773-6278056C14EB,BootMaintDxe
76504DF8-9D28-4099-8EC8-5A67CBE886B0,EsataBootControlDxe
95DE95F8-A215-48C3-814A-40F07B925D24,AmdMemRestoreDxe
74D936FA-D8BD-4633-B64D-6424BDD23D24,FwBlockServiceSmm
E4ED28FD-13C1-40C4-B55A-C5260771A2CF,DeviceManagerDxe
FE3542FE-C1D3-4EF8-657C-8048606FF670,SetupUtility
961578FE-B6B7-44C3-AF35-6BC705CD2B1F,Fat
847BC3FE-B974-446D-9449-5AD5412E993B,BootManagerDxe
